TotalReturn,CAGR,Y_Vol,Sharpe,MaxDrawdown
17.984432517043658,0.45891722471665064,0.35282841674549476,1.3006810192606475,-0.4836470197552756
